Genotype,L1,L2,L3,L4,L5,L6,L7,L8,L9,L10,L11,L12,L13,L14,L15,Environment
Gen1,96.8569,130.1652,103.6638,113.1545,125.4632,139.5919,108.4984,132.3398,84.9331,86.6031,126.4194,92.4262,100.4118,63.6091,155.3811,Environment_0
Gen2,141.1112,83.5107,102.6263,130.754,111.5042,99.2385,96.9299,110.3973,91.7158,82.0673,122.5701,125.7337,109.1746,80.6036,108.3731,Environment_0
Gen3,98.5269,115.3945,141.4345,116.1035,112.7933,82.1329,109.1549,91.1575,84.7318,79.7299,96.2299,98.9254,72.8869,82.1317,84.7815,Environment_0
Gen4,124.6221,76.4179,80.0767,140.7411,89.8508,86.5711,118.1038,136.5122,109.1192,125.0279,84.0527,118.2811,112.2622,97.6832,98.7679,Environment_0
Gen5,98.6385,57.6577,83.1778,108.6851,112.8405,79.4125,77.4144,112.4664,73.5341,88.2995,83.5437,124.8856,118.6369,108.0129,91.3677,Environment_0
Gen6,116.7742,100.1914,125.3402,81.4451,80.9167,97.2354,99.9898,107.1275,106.0409,103.8407,91.2446,61.9913,100.5217,80.0092,120.2184,Environment_0
Gen7,81.4615,124.8515,106.8201,106.3495,114.9293,102.1415,102.2587,123.0769,76.7633,99.7375,113.1478,94.4071,95.0183,97.9824,105.3822,Environment_0
Gen8,60.0333,101.96,97.269,90.7735,91.578,92.4383,54.3614,93.8203,108.2509,89.7349,89.1345,114.3118,69.7965,116.7623,99.9381,Environment_0
Gen9,76.5149,123.7603,103.5648,90.0634,90.4408,87.034,100.6871,96.0553,91.4087,89.1942,96.6229,103.5757,123.3159,98.1989,119.7278,Environment_0
Gen10,64.7654,81.68,99.4687,97.8788,85.7957,106.255,106.1732,69.1524,104.3805,107.6342,94.1937,92.6027,102.6766,101.3471,95.7349,Environment_0
Gen11,100.4844,127.3636,123.0617,115.5364,100.2442,98.8045,121.2898,114.1106,119.0148,143.0294,133.198,111.6063,124.8885,129.5782,138.8741,Environment_0
Gen12,99.3692,124.5799,79.2193,83.9825,118.9057,110.0181,97.8113,103.8304,117.1413,83.3549,117.6717,76.6793,105.9891,96.8765,74.1606,Environment_0
Gen13,95.2678,109.7495,109.0516,121.7805,123.8725,131.0064,98.6185,88.7469,141.8192,90.3313,114.7634,108.498,108.9156,124.8088,106.04,Environment_0
Gen14,92.8475,69.5385,92.6744,81.1984,85.816,101.0306,130.9688,75.869,103.032,96.1508,71.7549,64.051,104.0865,88.6953,73.3445,Environment_0
Gen15,119.9771,110.041,101.9663,127.7596,96.8427,100.1787,92.2732,134.6399,112.3497,142.7126,124.9826,103.8477,117.7845,123.4081,148.036,Environment_0
Gen16,79.8042,107.0781,132.0374,100.6757,130.4615,83.9002,88.6065,80.3847,99.5185,90.0688,99.7555,99.8481,115.48,126.3789,79.9604,Environment_0
Gen17,112.9952,110.1272,96.7565,91.2054,125.9662,98.4625,80.413,100.5649,105.5193,117.0919,91.6679,110.9023,104.1699,109.6909,114.7402,Environment_0
Gen18,84.8988,82.3475,60.1179,87.9235,113.5765,83.09,67.0352,105.5775,131.7425,90.6946,84.1757,98.194,123.3301,103.9584,90.6569,Environment_0
Gen19,105.0293,85.147,115.7134,115.9642,122.9078,109.6917,57.4089,101.8951,93.1311,117.4456,110.0205,94.2256,91.9166,128.6116,116.5671,Environment_0
Gen20,141.3629,113.6547,104.3128,101.5243,65.6246,99.9309,115.9623,81.0349,104.0925,99.083,107.1067,128.5846,89.2057,100.0342,116.4359,Environment_0
Gen21,92.2131,104.7522,92.0223,72.5888,91.1895,85.5502,119.2665,119.9062,98.3428,90.2282,124.8896,88.611,111.0435,104.1784,86.8936,Environment_0
Gen22,96.8634,97.1393,101.9763,145.8453,79.1725,129.5011,111.3345,95.3127,91.9231,123.8105,132.0455,129.035,76.3329,104.585,99.0905,Environment_0
Gen23,82.4473,98.7193,111.1703,120.9302,137.7036,93.5154,125.0696,109.0187,111.7531,109.7325,138.7841,118.4766,82.6944,130.7225,94.649,Environment_0
Gen24,86.3938,97.2578,109.3119,70.4524,91.9161,106.2866,128.4407,123.5224,106.4567,106.4031,93.0019,110.2858,88.7395,108.9445,101.2494,Environment_0
Gen25,116.3924,100.17,118.5466,95.0537,95.4591,98.7294,92.9368,90.9493,100.8508,100.7033,125.0432,131.0576,82.6467,101.2814,115.7342,Environment_0
Gen26,92.7473,128.9667,86.8759,89.823,98.1821,96.4714,84.6023,110.6435,112.4627,95.4654,89.0262,91.2923,86.9225,105.872,102.196,Environment_0
Gen27,77.1742,107.736,98.6059,103.0987,86.9822,82.1048,98.1743,100.7645,131.6528,116.9548,101.135,65.8932,66.2862,145.2431,117.48,Environment_0
Gen28,93.3204,86.5399,105.2074,120.8295,120.0804,114.6075,130.4215,105.9281,90.1993,77.7424,81.9831,110.4304,122.9856,95.3788,107.4311,Environment_0
Gen29,111.9522,80.8012,74.0595,68.2408,101.8547,112.9665,93.1148,74.9528,118.3237,77.5384,36.7431,120.7827,91.6836,124.329,88.7363,Environment_0
Gen30,136.1722,141.1764,100.6042,116.8605,118.8463,97.2802,131.7289,126.9553,100.3004,115.543,101.4509,125.0376,113.7849,118.4971,125.8178,Environment_0
Gen31,104.5207,99.0691,85.042,115.7456,108.5479,72.8874,103.447,72.8468,48.8279,88.2181,60.7456,125.262,90.7599,82.1454,95.2455,Environment_0
Gen32,74.1382,97.3689,80.2029,110.4845,87.3813,66.9646,56.7612,97.9624,86.4006,82.8736,95.2546,80.7973,88.1399,99.1883,79.0367,Environment_0
Gen33,107.6936,103.3009,85.8122,99.5994,107.0533,132.3843,136.8802,101.4797,117.5894,102.7972,99.6364,105.0838,87.6218,68.6959,80.9501,Environment_0
Gen34,65.9372,78.1617,119.2011,119.0904,108.515,107.7066,89.1613,92.529,78.3375,90.7697,89.8851,126.1184,139.9353,112.5912,100.9808,Environment_0
Gen35,99.191,70.3691,83.2108,98.2405,74.6829,85.7416,95.957,103.6724,81.0139,111.3443,124.6466,87.3952,123.1548,94.2437,70.2953,Environment_0
Gen36,106.5139,144.7831,120.0304,105.7146,134.556,98.222,141.2285,51.5431,116.9722,89.1502,116.8413,110.8386,111.7944,95.3908,106.2652,Environment_0
Gen37,107.0858,121.08,69.3336,116.6503,58.8005,81.5771,98.5267,95.7635,61.9181,46.6425,97.7064,100.2601,70.0567,89.6092,79.0279,Environment_0
Gen38,112.0527,96.3661,102.5479,104.9591,117.8845,114.4942,100.1389,136.4135,138.1713,137.7416,137.5537,149.1628,108.6383,91.8859,111.9939,Environment_0
Gen39,130.547,81.0962,98.1222,129.5494,121.1423,91.6209,115.4142,129.384,93.6367,96.1641,105.8914,101.1976,113.79,137.1988,116.2124,Environment_0
Gen40,53.9708,91.9219,105.523,113.5556,86.9697,102.16,116.3999,130.2331,110.3875,113.9615,104.9698,147.9142,91.8635,85.178,99.9477,Environment_0
Gen41,122.4569,82.8146,131.3861,79.4293,105.005,105.7329,105.4703,98.1047,65.7551,99.9136,94.3029,124.4884,104.8561,112.6095,114.2616,Environment_0
Gen42,107.3825,92.0396,97.8875,98.9885,110.7062,90.3456,93.9954,119.1946,122.226,77.4825,72.0255,85.1225,73.6158,95.6162,75.811,Environment_0
Gen43,135.9026,90.5855,101.5236,93.1603,82.9185,92.9607,80.2526,72.8863,75.3833,73.5448,96.3555,88.0531,113.1621,101.5001,132.0281,Environment_0
Gen44,80.4465,74.4893,79.4848,103.694,88.2054,122.8211,114.6752,120.1586,107.6223,99.3078,79.4499,98.2329,87.9405,123.3867,89.3336,Environment_0
Gen45,91.034,155.5451,117.795,100.8349,109.5847,124.7282,105.3038,133.5449,116.339,118.9088,127.0848,127.2928,131.9849,110.1345,115.5563,Environment_0
Gen46,97.8886,90.2747,81.0145,127.1863,131.9317,106.4474,90.5157,112.2399,119.1717,112.2533,71.6858,117.3119,103.4774,84.9759,119.9052,Environment_0
Gen47,120.4254,99.1636,102.2473,81.5475,118.6699,109.0328,94.6675,114.6419,105.7559,87.6904,82.3148,67.5196,87.9907,99.933,73.0236,Environment_0
Gen48,56.3578,90.5249,114.1124,97.3247,122.5982,67.1359,107.6403,113.0266,115.3165,112.7458,64.8327,103.0906,90.3827,105.7965,114.2388,Environment_0
Gen49,133.9643,86.3091,83.4293,84.1359,120.1616,122.1128,129.9696,84.4207,107.4691,64.6911,112.0448,96.8756,107.8667,112.3639,104.9354,Environment_0
Gen50,69.8434,106.3764,90.1574,128.2947,108.2469,86.7769,110.7628,78.104,116.4328,106.908,145.926,88.4002,91.7956,74.0758,108.7731,Environment_0
Gen51,166.0355,107.0838,129.2007,101.8874,91.8407,134.166,110.2935,152.4086,125.7335,116.4614,119.0661,106.7273,113.4847,80.5855,127.3502,Environment_0
Gen52,92.1063,97.6925,81.5394,100.6411,92.0743,95.8658,75.2036,97.3805,100.5665,111.9279,114.1452,91.6458,95.1905,56.7047,85.42,Environment_0
Gen53,102.4249,111.4958,64.8868,113.2575,92.3441,69.6663,104.2202,111.2166,87.9436,50.1975,85.1643,109.2143,76.2156,95.3001,117.7217,Environment_0
Gen54,120.8921,91.1001,88.2295,100.5501,93.4547,89.0438,92.8638,83.4656,98.6317,99.3928,95.7177,121.9236,106.3722,101.8528,77.238,Environment_0
Gen55,106.2559,108.2255,88.5469,134.8555,139.16,120.2488,108.1562,118.6322,114.595,113.7993,116.6684,144.5099,99.0066,128.8591,130.5173,Environment_0
Gen56,48.5981,88.6662,97.9023,75.8085,119.6582,111.9903,87.9806,100.8483,107.217,118.9945,93.4906,111.4205,98.4873,113.3757,116.6269,Environment_0
Gen57,80.7308,99.7542,114.879,101.7865,110.7327,139.1216,74.7704,107.0096,90.0896,133.3965,133.9327,115.0438,124.6701,123.0599,113.2384,Environment_0
Gen58,102.0611,149.5608,123.0592,141.3366,90.1789,118.4078,82.5061,128.0623,122.9952,95.7467,129.689,129.4858,84.6934,118.5044,115.9058,Environment_0
Gen59,124.7063,79.2415,123.5868,91.897,107.5816,91.9757,91.973,72.1998,110.2211,131.7129,129.6912,144.0641,109.4026,106.9586,110.297,Environment_0
Gen60,91.5621,121.9966,74.8219,93.5925,115.7263,90.2223,77.8995,106.7421,108.6334,85.9647,94.2812,84.6974,76.8072,74.4793,101.2908,Environment_0
Gen61,116.2751,123.3195,65.2395,87.1579,87.2224,116.984,91.1194,94.8717,107.5154,96.7971,96.8225,109.2502,72.6605,72.5162,120.7395,Environment_0
Gen62,109.6425,96.188,110.1643,93.3075,137.3961,85.4541,86.3665,102.744,108.3183,94.0697,103.0397,105.8354,93.8461,93.2456,109.9526,Environment_0
Gen63,96.4894,90.7505,82.6642,81.0255,89.873,100.6519,96.9997,97.8363,95.0983,99.761,71.4855,138.3747,100.6064,86.8721,100.4954,Environment_0
Gen64,88.075,97.3665,78.0201,111.5409,86.6406,114.5955,119.3092,80.661,90.2188,105.0837,88.086,88.8379,101.4573,103.9293,107.464,Environment_0
Gen65,82.4511,89.7048,96.0782,141.7602,124.9386,114.2614,93.8565,115.085,124.6556,110.6573,124.9835,80.4887,107.8348,104.7494,122.0522,Environment_0
Gen66,111.0141,81.6434,87.7198,88.125,104.6612,74.9059,117.1048,66.1571,115.1189,130.0292,58.5772,59.1499,66.5107,104.6974,111.5845,Environment_0
Gen67,136.7643,107.8794,115.7657,102.1151,146.667,82.0104,100.6194,135.0411,104.9867,80.9662,106.3508,171.7068,139.3256,89.9028,134.1431,Environment_0
Gen68,111.1433,115.5124,102.4173,104.0613,115.0274,67.8463,108.7115,97.8144,106.3288,109.1464,81.857,80.4849,117.3522,126.257,78.0037,Environment_0
Gen69,136.6587,131.3849,116.7037,118.887,117.8527,91.4429,123.9907,73.2946,107.6241,133.4254,111.156,128.0111,129.3495,115.0039,103.9399,Environment_0
Gen70,80.6891,105.3092,69.9364,96.2191,73.6583,97.9078,81.9013,84.5564,102.6132,89.0046,69.7889,70.7799,80.5844,79.9331,93.7518,Environment_0
Gen71,99.2662,47.8394,84.8883,79.9856,101.9625,130.5582,105.9084,59.8842,80.9585,94.3698,114.9703,106.3624,90.9343,92.2381,53.3513,Environment_0
Gen72,118.7962,95.4821,108.2911,93.9083,110.9528,129.6932,95.1715,95.8928,126.3522,96.9898,67.1333,128.4522,92.7512,70.2386,68.1997,Environment_0
Gen73,108.2453,119.1358,106.9004,124.332,111.9584,104.8263,123.975,107.0855,110.4407,103.0306,80.4595,103.5737,113.5234,84.262,103.7916,Environment_0
Gen74,120.4366,111.7776,91.8684,97.4467,95.5474,108.6096,107.1362,127.8214,115.0409,81.6766,129.5091,95.3814,95.1228,92.6295,92.2894,Environment_0
Gen75,104.5443,111.0203,111.9803,82.7505,110.4894,107.2121,120.8877,94.9317,107.2039,78.281,118.3605,69.6874,105.9273,114.3739,116.0333,Environment_0
Gen76,67.8884,127.0499,69.5005,85.6079,66.136,84.3552,91.4568,88.8865,87.4216,64.5005,69.1022,48.1449,93.4658,101.7674,106.5145,Environment_0
Gen77,82.3567,106.5099,109.0203,78.7175,116.4061,78.8785,84.0753,105.9172,99.5181,86.7847,66.1614,112.7195,128.3769,83.7133,111.3278,Environment_0
Gen78,128.4453,79.1081,89.7006,148.2445,105.1277,137.0234,93.5681,91.4872,101.7424,90.532,105.1077,89.0207,125.6023,101.7442,99.7097,Environment_0
Gen79,98.6185,108.739,116.9946,64.9361,117.6231,135.8272,108.9082,121.7864,110.2734,117.8351,125.4595,91.5586,75.0009,142.9522,117.6801,Environment_0
Gen80,106.4309,101.1572,76.6545,110.7366,107.3075,103.0871,108.0341,86.843,95.3352,87.2282,80.2683,99.133,104.5735,102.0234,96.7374,Environment_0
Gen1,4.3294,5.7069,5.6449,4.2261,5.3851,6.4852,4.5214,6.0558,3.8019,4.071,5.7984,4.8263,4.9705,5.1231,5.6519,Environment_1
Gen2,5.5329,5.7125,6.2453,6.6855,4.8299,6.409,3.5635,5.9006,6.3823,4.6235,6.2593,4.6938,4.8356,4.5928,5.6627,Environment_1
Gen3,5.3343,5.591,6.5175,5.0773,5.1062,6.1091,6.2819,5.5284,6.1773,4.1168,7.0081,5.5201,6.0473,5.5852,5.6764,Environment_1
Gen4,3.8183,3.9761,4.9828,5.1161,3.89,2.7166,5.2555,5.4972,2.7193,4.7107,6.1337,5.4295,4.9169,4.0042,6.3043,Environment_1
Gen5,6.4031,4.9016,7.4463,5.708,6.5149,7.2161,6.5347,4.7855,5.1464,5.1865,5.338,4.9406,6.781,5.221,6.3231,Environment_1
Gen6,5.3863,5.9687,4.6979,4.1919,3.7515,4.9072,4.7096,6.7311,4.8416,4.626,3.29,6.6028,4.4645,4.6702,6.3132,Environment_1
Gen7,5.8728,4.6104,6.6607,5.539,6.4245,5.6407,5.5238,5.4247,5.4005,5.6394,8.7809,5.8252,5.9024,5.4368,8.5232,Environment_1
Gen8,5.8346,7.5426,7.5587,7.732,6.7365,5.0093,6.1469,7.2429,6.5429,7.9226,6.4533,7.1972,7.3468,8.2063,6.677,Environment_1
Gen9,6.9134,4.2661,3.0987,6.7888,6.009,5.7926,6.4978,6.4128,5.6847,6.7171,6.6643,5.994,5.519,4.155,4.1266,Environment_1
Gen10,4.5144,5.147,3.4933,3.62,3.5258,3.0392,4.5117,5.0356,4.0277,5.129,3.5972,4.3682,3.46,4.4703,4.1121,Environment_1
Gen11,7.3805,5.7839,8.0421,6.803,5.4917,4.9962,5.918,6.2542,6.3642,7.157,7.0407,3.8635,6.0644,5.8378,5.2166,Environment_1
Gen12,4.6629,3.1209,4.8067,4.6071,3.3023,3.4545,4.5936,4.1012,4.3481,4.2253,3.5664,4.1318,2.3994,3.7805,1.9413,Environment_1
Gen13,5.4285,4.5892,3.7709,5.1361,4.3974,5.214,3.8952,4.9157,5.2349,6.3965,5.5714,5.0043,2.9239,3.9242,2.664,Environment_1
Gen14,4.7676,3.7402,4.1898,6.0701,7.2837,5.1152,3.5954,4.4949,3.8438,4.3407,4.6674,4.5057,4.4023,4.0582,4.0055,Environment_1
Gen15,4.1045,3.7445,4.0993,3.6854,2.8768,3.8127,4.0211,3.8957,4.3252,4.4465,3.5264,2.983,5.2235,2.2036,2.2561,Environment_1
Gen16,5.3985,5.5215,3.6019,3.0547,6.1574,3.9881,5.0956,4.2372,6.6033,4.0332,4.7993,7.2533,5.7854,5.1553,3.3452,Environment_1
Gen17,7.6099,6.2175,6.9396,6.8408,7.045,4.3622,4.7753,6.1237,4.8352,5.2943,4.8807,6.4463,6.0951,7.2742,5.3464,Environment_1
Gen18,4.2556,4.4379,4.9294,3.4155,4.7141,4.1201,4.1836,5.0698,5.8828,3.9356,5.1383,5.3048,5.1729,4.9319,5.6863,Environment_1
Gen19,5.7338,4.6719,6.3633,3.695,4.5337,4.3919,4.6377,3.8082,4.5663,3.5625,4.7003,3.8466,4.8433,3.3331,4.33,Environment_1
Gen20,2.7872,5.733,4.4701,4.2323,6.0631,3.9885,3.6565,4.7417,6.0882,4.5789,5.0467,5.3606,5.3283,4.7336,8.2507,Environment_1
Gen21,3.1791,4.9044,5.8894,5.0026,7.5488,5.1081,6.3257,6.8134,5.0509,5.8755,3.8855,6.1969,6.4634,4.7708,5.7356,Environment_1
Gen22,4.4544,3.6161,6.9055,4.3775,5.2958,3.3295,4.6786,5.2711,4.6594,4.8357,2.979,3.3815,4.1183,5.3327,4.8193,Environment_1
Gen23,4.9059,3.6981,4.5742,3.3096,4.1449,3.0736,4.3545,2.1709,5.6392,6.0926,5.6169,3.3272,2.6095,4.5339,3.457,Environment_1
Gen24,4.6663,4.5831,4.9524,4.2483,6.3575,4.2725,5.5274,5.6625,5.2025,5.3078,4.6482,5.6274,5.1266,5.1568,4.4455,Environment_1
Gen25,5.7583,6.0058,4.6368,5.4713,6.6229,6.45,3.6979,7.3119,3.6545,4.7888,6.4203,5.5056,5.2685,6.0073,6.3238,Environment_1
Gen26,3.0916,2.6817,3.9454,6.1496,4.8907,3.3881,5.5026,3.6674,5.5735,5.2459,3.9054,4.6343,5.3356,4.144,2.6355,Environment_1
Gen27,2.3206,4.6267,6.2672,4.6923,5.7063,5.9263,5.1201,4.9414,3.222,3.7584,3.5046,4.3156,4.7673,3.4468,5.3872,Environment_1
Gen28,5.6386,3.8968,5.1074,5.2358,7.1179,6.362,6.7053,4.0483,5.3796,5.5212,4.8141,5.738,5.6643,6.2802,4.7009,Environment_1
Gen29,6.4787,6.8506,5.1389,6.1587,4.6022,4.6635,7.7191,6.8399,7.9358,6.4831,6.2546,6.9858,7.562,5.1852,7.8836,Environment_1
Gen30,3.8494,5.8347,4.9443,4.2461,4.2834,5.8063,4.7224,3.8416,5.1293,3.3468,5.8998,5.8538,6.1936,3.7728,4.8954,Environment_1
Gen31,7.5566,4.0748,4.4244,3.611,2.5327,5.6546,4.2915,5.5054,4.027,5.7438,5.5414,5.3105,3.832,5.959,5.4927,Environment_1
Gen32,6.2355,7.8832,5.9011,6.8821,6.4129,7.3441,6.7385,7.048,6.304,4.865,5.9752,7.2353,6.9165,5.7587,7.044,Environment_1
Gen33,5.2776,6.3566,6.2669,5.5379,8.0872,4.6474,6.8632,6.3834,7.2427,6.7115,4.5568,6.8265,5.167,7.0014,6.1824,Environment_1
Gen34,3.341,4.9809,6.7698,4.5573,5.8911,5.9091,6.3046,4.5314,6.698,4.5929,7.1672,6.3027,5.1114,5.205,4.5045,Environment_1
Gen35,5.8896,7.5772,7.4317,6.0361,8.3955,9.0174,6.9231,5.7787,7.56,7.8346,8.2579,6.0261,7.5546,6.3821,6.7875,Environment_1
Gen36,5.5457,4.2612,4.58,6.2299,5.5419,5.4809,5.7098,6.568,5.935,4.5568,5.8112,4.8381,3.9862,4.8551,4.3287,Environment_1
Gen37,4.2753,2.9447,3.6924,2.0928,2.2715,2.8558,3.9757,2.9119,4.528,3.0671,1.2876,3.8142,2.7067,3.5716,5.6552,Environment_1
Gen38,3.776,2.9686,3.7111,4.2852,3.8715,4.8863,2.4306,3.2545,3.9301,4.3674,4.3773,6.8209,5.1936,5.5971,3.0095,Environment_1
Gen39,4.1427,4.0034,5.0841,4.5359,5.1576,4.7479,5.418,4.0796,5.637,4.6823,4.6166,2.8945,5.6002,2.913,4.813,Environment_1
Gen40,5.1761,5.1768,6.1735,5.2655,4.2379,6.7131,5.0105,6.4726,4.9694,6.0641,5.5426,5.4769,6.0328,5.1047,2.8114,Environment_1
Gen41,9.9291,6.9872,5.8674,6.0327,8.8967,7.1686,5.7629,6.6357,6.6327,7.985,8.4152,8.1887,5.6439,5.7062,6.0852,Environment_1
Gen42,3.5415,5.9716,4.0325,3.4713,4.9967,2.5004,4.2043,1.9034,4.0569,3.845,4.5834,5.4521,4.6037,4.1107,4.8388,Environment_1
Gen43,5.095,6.2643,4.912,5.7564,3.8786,4.2912,2.7606,4.8261,3.8667,4.6067,4.2178,4.7208,5.9067,5.4241,4.7307,Environment_1
Gen44,3.8359,4.7447,4.7027,3.8784,4.4707,4.2013,5.2487,5.0339,6.1295,5.2748,4.9667,4.4514,5.472,3.7258,5.8484,Environment_1
Gen45,4.4793,5.3865,4.4162,7.1825,6.1922,4.4826,6.1655,7.0864,5.9668,5.5839,5.3322,7.0184,3.7862,5.4209,5.4703,Environment_1
Gen46,3.4399,4.8361,7.5984,5.3364,6.1458,6.0757,7.3811,5.1647,5.7805,6.7173,6.102,5.2971,5.1843,4.3388,5.086,Environment_1
Gen47,2.9524,3.994,6.1057,2.5429,4.2489,3.992,4.0134,2.8728,2.4218,3.5228,1.5689,4.0165,4.5537,2.504,4.6987,Environment_1
Gen48,4.6939,3.8981,5.0121,3.8833,4.3614,3.3351,6.3431,3.7146,4.0283,5.203,5.2861,4.4468,5.1511,5.3017,4.6848,Environment_1
Gen49,3.565,4.9612,3.6826,2.3483,5.2757,5.1323,4.3224,4.4545,4.5395,3.9438,4.3787,3.9654,3.3112,2.9136,3.8904,Environment_1
Gen50,5.1071,5.0353,4.9484,4.5834,5.2936,4.4089,5.1738,3.7202,3.4611,5.9678,3.3719,5.247,6.8757,5.2906,5.5906,Environment_1
Gen51,3.3388,5.7086,6.4725,4.2735,5.0751,4.2484,5.5663,3.9078,3.7813,4.9699,4.8225,4.3879,5.1713,4.5346,6.1498,Environment_1
Gen52,6.9836,7.128,4.9328,7.349,7.6509,6.0694,5.8881,5.7621,4.2012,5.1721,5.4591,5.8002,4.0171,6.3038,4.4734,Environment_1
Gen53,4.4109,4.9929,4.9074,5.2588,4.818,5.7016,4.629,5.6831,3.8751,3.8589,5.7751,4.4992,6.5543,4.7626,5.7053,Environment_1
Gen54,5.6773,4.4641,6.6973,6.6093,5.8584,5.7642,5.849,5.1891,5.9271,6.1904,5.149,5.1557,6.4576,5.0883,4.2135,Environment_1
Gen55,5.7085,5.1738,3.4158,3.4287,4.2538,5.5413,3.852,3.5038,4.8314,3.7133,4.9145,4.8927,4.4687,4.6589,4.6942,Environment_1
Gen56,6.3982,7.6916,7.1629,6.8722,5.9499,5.4047,5.7015,6.4956,5.8319,5.2898,6.1074,7.0284,5.7765,4.7337,5.2095,Environment_1
Gen57,3.0235,3.3893,2.0879,0.7587,1.8053,0.7837,3.1067,3.1851,3.8419,4.1943,1.865,2.3116,2.913,2.6109,1.4487,Environment_1
Gen58,2.8136,0.8355,3.5635,3.1004,2.5896,3.4842,2.8676,3.3422,4.1675,4.1306,3.0561,3.9432,2.1273,1.6334,4.0139,Environment_1
Gen59,3.9055,4.1343,3.5912,4.6752,4.1889,3.9215,3.0647,4.1182,5.0411,3.8289,3.0644,4.1133,4.1272,3.7777,5.0925,Environment_1
Gen60,4.9752,6.9384,2.8177,7.3368,5.2842,6.1658,5.1059,8.614,4.1124,5.1589,5.1152,8.4916,7.3379,5.878,5.8049,Environment_1
Gen61,3.0806,3.4447,4.8815,4.0103,4.7782,5.8164,3.8216,3.7034,4.0489,4.27,5.1193,6.4275,5.2732,3.4237,4.7582,Environment_1
Gen62,3.2495,3.0242,5.5306,4.3328,5.0956,4.2501,6.445,5.7635,4.6928,4.8045,5.6989,5.27,5.8082,6.3832,6.4243,Environment_1
Gen63,4.6729,5.0003,7.0507,5.9505,5.8459,2.5661,5.8486,4.7689,3.61,5.8678,5.2599,5.2032,5.1879,5.7669,4.4457,Environment_1
Gen64,4.9213,4.0312,4.1042,4.8351,5.4442,4.6638,3.7527,4.6297,3.3148,5.2093,3.8731,5.1407,4.4011,3.5896,3.6576,Environment_1
Gen65,5.7537,4.8146,4.1813,6.7061,5.3663,4.2085,4.3408,6.3985,5.4295,5.5469,5.0651,4.7993,5.7798,4.9416,5.2223,Environment_1
Gen66,6.9673,5.1868,4.3411,5.6202,4.1386,4.026,3.4424,4.2849,3.966,5.3252,3.1962,4.1007,4.1416,6.5652,4.6372,Environment_1
Gen67,6.3457,7.21,3.7153,4.2853,6.7165,4.7014,7.8527,5.009,6.6283,5.4217,4.1863,7.8496,5.5376,4.7579,6.3802,Environment_1
Gen68,7.8277,8.0214,8.3648,6.2159,6.1707,6.0652,6.1583,6.3283,7.9268,6.5414,7.274,8.128,7.5599,5.508,5.9662,Environment_1
Gen69,6.2875,5.6998,7.2129,7.8239,6.9959,6.6693,4.8561,4.4757,6.6972,4.9037,6.767,7.2584,5.0762,4.4565,6.0489,Environment_1
Gen70,5.9148,3.4815,3.3914,4.3398,5.05,4.5074,2.9018,5.1235,3.881,3.9273,7.673,2.9771,3.4667,4.9735,4.3794,Environment_1
Gen71,6.0963,5.0783,4.772,5.6631,5.8301,5.5145,6.1154,6.8325,5.0857,4.5353,3.447,5.8676,7.1846,6.6685,7.5589,Environment_1
Gen72,2.7697,6.0925,5.8309,5.3387,5.3369,5.2428,3.3543,5.0799,3.1295,2.5673,1.7295,5.281,3.9851,4.3683,4.2914,Environment_1
Gen73,4.3541,4.6511,3.6857,3.5724,5.6345,4.2336,1.857,4.7273,4.2929,2.899,5.3375,5.0215,3.1244,6.5133,5.4835,Environment_1
Gen74,4.2494,4.1827,2.4965,3.3874,4.2831,5.2433,5.0229,3.9523,1.9448,2.8967,3.8381,4.2577,0.7351,4.3144,3.9095,Environment_1
Gen75,4.2564,5.7891,5.1042,5.089,5.1532,5.388,4.9518,6.9823,6.4471,5.5597,4.0852,5.976,3.5178,5.3275,7.2615,Environment_1
Gen76,4.2341,6.9103,3.5811,4.9749,5.713,5.3627,4.7249,5.5158,4.1893,3.145,4.3029,3.2053,4.8832,7.1339,6.4616,Environment_1
Gen77,5.839,6.6177,4.8432,6.6321,4.7001,6.346,4.4262,4.2922,6.5088,4.4298,6.4743,4.7768,5.8943,3.8721,5.8055,Environment_1
Gen78,3.9335,5.0649,5.0478,4.5687,6.4349,4.1616,4.7087,5.5344,4.3715,5.368,5.6396,4.4886,6.9335,5.3241,3.6089,Environment_1
Gen79,8.7937,5.175,4.3136,4.1809,5.0546,7.5885,5.0356,4.1871,6.0894,5.6429,5.7955,4.6236,6.2778,6.3087,6.1431,Environment_1
Gen80,5.7183,4.773,3.3334,5.5527,2.8744,3.7626,5.7764,4.6358,6.1488,4.6156,5.2213,5.6017,5.5441,5.6346,5.5323,Environment_1
Gen1,11.971,10.3956,12.5133,11.7011,11.0508,11.7623,8.7212,12.6474,13.4401,11.0827,11.594,12.1471,11.4404,11.4601,11.3695,Environment_2
Gen2,13.9503,11.8267,12.7648,15.2934,13.0926,12.8142,11.046,13.6255,13.5822,11.9537,13.1931,13.9127,14.0354,12.7908,13.1817,Environment_2
Gen3,14.0374,11.5415,12.463,11.156,12.0327,13.6636,11.647,13.1628,12.4124,13.1279,14.257,13.002,12.8475,13.7037,11.3788,Environment_2
Gen4,10.3105,11.9907,12.4168,11.3435,12.6487,10.6136,10.9479,11.8477,11.2125,12.0762,12.6113,13.1278,11.4065,12.897,12.7711,Environment_2
Gen5,13.309,13.2628,12.5355,12.5266,12.35,12.3669,12.532,12.7869,12.7916,12.5534,13.4561,13.5118,12.7793,11.7251,12.4874,Environment_2
Gen6,13.1718,13.1629,12.8711,11.7834,14.5431,12.3054,12.2584,12.3849,11.3696,12.5154,14.5891,14.1331,12.4805,14.0066,11.283,Environment_2
Gen7,13.7028,11.4748,12.5701,11.0173,13.1285,9.4606,11.5584,11.0357,11.6137,10.3636,11.033,11.9697,12.7689,12.0376,11.4962,Environment_2
Gen8,10.4991,10.3579,13.8616,11.1485,10.4676,9.0929,9.2892,8.4217,10.5391,10.6234,9.6886,10.5953,11.4612,8.7433,10.3875,Environment_2
Gen9,13.2163,11.4522,11.1828,13.0153,10.4778,14.1414,11.2043,9.9145,10.8595,11.7683,10.2116,10.5777,10.8676,11.7982,10.7896,Environment_2
Gen10,12.634,13.5458,14.042,11.4196,12.5287,14.2072,13.2254,11.8861,13.5716,13.7635,12.4809,13.4001,13.2191,12.4926,13.7541,Environment_2
Gen11,13.278,13.4414,14.6071,13.1133,14.5785,12.3112,12.2548,14.2226,13.561,14.788,12.5563,12.3975,14.7992,13.3632,14.3152,Environment_2
Gen12,12.0194,12.6106,10.8689,12.6909,12.0137,12.2727,12.2187,12.369,11.3094,12.2633,11.9922,11.4264,11.1454,12.2226,12.909,Environment_2
Gen13,12.7121,10.4409,14.672,11.9816,11.1885,11.4218,14.6675,11.0206,11.5254,12.618,10.3094,12.3316,12.7421,11.0362,12.8205,Environment_2
Gen14,14.0619,12.7116,13.3286,12.5914,12.3673,13.8656,12.394,12.2669,12.732,11.9594,14.6444,14.6936,11.7183,12.3454,12.3412,Environment_2
Gen15,11.7256,11.1736,10.0963,13.7635,11.9116,10.1783,12.907,13.2359,13.2211,11.1521,10.4973,13.6733,13.1406,10.9622,13.3809,Environment_2
Gen16,13.8732,13.4954,13.4091,11.6141,12.7051,12.1196,12.9545,13.8562,11.6257,12.8174,11.9947,13.6408,13.1559,12.3013,14.34,Environment_2
Gen17,12.3397,14.4241,14.6551,12.7074,12.6427,11.8874,13.2718,12.2049,11.5407,14.191,14.0235,13.1101,13.6217,11.2777,12.2179,Environment_2
Gen18,12.7166,12.6761,13.8225,14.1949,12.9666,12.4571,12.2342,12.7893,12.9219,13.612,11.5349,13.0675,12.8855,13.6638,11.9399,Environment_2
Gen19,13.9968,12.4788,11.4465,12.2171,10.7962,13.5635,11.7705,12.9255,13.5373,13.311,10.3924,12.3213,12.3623,12.6851,12.5548,Environment_2
Gen20,12.8694,13.5146,12.1969,13.6292,12.4422,11.7109,11.0907,12.1315,13.9849,11.5988,11.2556,14.6045,10.8137,11.6108,11.5516,Environment_2
Gen21,12.4567,13.1754,13.1341,12.2199,12.0418,11.3493,12.3666,12.8947,12.773,13.6188,12.4096,13.4383,11.7039,12.0474,12.3274,Environment_2
Gen22,12.6647,12.3666,11.4182,13.0612,12.7125,11.9653,10.8216,12.928,12.1878,12.5071,12.9805,12.2272,11.9491,11.3147,13.6708,Environment_2
Gen23,10.402,12.7788,12.5491,12.4804,14.2644,11.9453,11.2008,12.2357,12.7746,12.0546,12.0624,12.4636,12.9662,12.0029,13.4278,Environment_2
Gen24,13.0899,14.765,14.4971,13.5109,12.7051,11.1147,12.2611,14.2043,13.5907,12.6967,11.8711,12.723,12.9702,12.9151,13.3478,Environment_2
Gen25,14.1038,10.5272,13.6254,12.4075,13.441,13.321,10.932,14.0528,13.3131,12.9081,12.567,13.859,14.9871,13.5146,11.2648,Environment_2
Gen26,11.6485,11.6881,10.7319,11.143,11.3639,12.9792,11.9296,12.2642,12.4724,11.8315,11.1019,11.8192,13.4302,12.5047,12.5405,Environment_2
Gen27,12.5488,13.0939,11.867,12.0677,10.8323,10.8277,12.7421,13.4684,13.3168,12.8878,13.4448,12.4034,14.8015,12.3731,13.6107,Environment_2
Gen28,12.7654,14.1758,13.839,13.5221,12.725,14.3942,11.9258,14.1936,12.6358,13.4732,14.0682,12.0895,13.6746,15.9753,13.813,Environment_2
Gen29,14.0768,11.6398,12.8387,12.7766,12.1279,12.1968,12.4802,11.3147,11.7409,12.0222,12.3193,10.8325,12.6319,13.1863,12.731,Environment_2
Gen30,13.5292,12.1237,12.3863,11.9713,14.1398,11.7328,14.9857,13.8524,12.8437,12.2116,12.4503,13.9223,13.4397,14.1825,11.4927,Environment_2
Gen31,11.751,10.2554,11.1234,13.5351,13.1453,11.9368,12.0396,9.8651,12.6961,11.8192,12.9505,12.8466,12.071,13.0272,12.9925,Environment_2
Gen32,12.6888,11.6233,12.6426,11.2619,14.086,12.8309,11.8046,11.7379,11.076,11.7667,11.109,13.4806,11.5174,12.3483,13.1564,Environment_2
Gen33,11.4368,11.3589,13.3197,12.5695,11.4955,12.1705,14.249,14.3003,14.2106,12.6051,12.8642,12.5673,13.6697,13.7874,13.2064,Environment_2
Gen34,15.3052,14.2132,13.0874,12.5875,14.3071,12.5983,14.3866,14.4974,14.9749,14.551,15.7242,13.625,12.7384,13.5697,13.4094,Environment_2
Gen35,12.8361,11.8102,11.8156,12.1953,13.4543,13.3318,11.8894,14.0215,11.6999,13.1605,12.7292,14.4033,13.3203,12.6917,11.1682,Environment_2
Gen36,12.5589,13.0031,12.004,13.3991,14.4269,12.4534,11.7529,12.7818,12.4938,11.5352,12.4788,13.6939,12.2047,12.0911,14.4648,Environment_2
Gen37,13.1505,11.3588,13.4016,13.0883,13.0794,10.6152,13.5822,11.2444,13.4004,13.5797,12.6053,12.9523,10.2798,12.8208,13.2692,Environment_2
Gen38,12.9497,13.0571,14.2293,13.6297,13.2203,12.5628,12.8559,11.3659,12.6456,12.803,15.4404,13.3108,13.0446,12.8356,12.9527,Environment_2
Gen39,13.4593,12.2194,12.8163,13.2018,13.6757,13.8896,13.0292,12.2316,11.5703,12.6349,13.3583,14.4621,14.0782,12.5308,13.2042,Environment_2
Gen40,14.1425,10.9404,13.9203,10.6957,12.0107,12.2136,11.5304,11.181,11.9511,14.9203,11.82,10.3126,12.3746,13.3209,11.9906,Environment_2
Gen41,13.4758,12.4169,10.5978,13.3576,13.4131,12.3535,12.1709,11.3289,12.0894,12.8411,12.855,13.7272,13.7141,11.6321,13.028,Environment_2
Gen42,13.5418,11.1506,11.5213,13.004,12.768,10.9106,11.0848,10.7875,12.5014,13.4078,11.1423,13.2823,12.2118,13.9565,10.3831,Environment_2
Gen43,13.2504,13.5284,11.7037,12.62,13.6909,12.8903,14.046,14.2604,13.5301,13.8683,13.0333,13.291,14.689,13.393,12.0058,Environment_2
Gen44,12.0476,12.2218,12.4123,13.0016,12.6685,13.713,13.6106,12.2666,12.6058,13.6867,13.6817,13.7154,11.7487,14.2463,12.937,Environment_2
Gen45,11.6222,11.2608,10.8929,12.6194,12.3808,10.6713,11.7283,11.673,12.4894,11.7004,12.3495,13.2332,12.4839,10.7544,11.6508,Environment_2
Gen46,11.821,12.1621,14.4255,13.6238,11.1792,11.8899,13.0786,12.756,13.7624,11.4407,12.5227,12.9934,14.3821,11.5043,14.2666,Environment_2
Gen47,12.634,11.2634,12.1298,12.1095,11.1451,10.6882,9.3792,11.023,12.6083,11.8034,11.6798,10.0,13.3333,11.4989,10.564,Environment_2
Gen48,11.5561,11.8735,13.2134,11.8746,12.9712,12.8406,11.8429,12.3965,10.9676,10.9149,11.635,11.526,13.3126,11.6614,12.9922,Environment_2
Gen49,12.729,11.915,12.3054,12.0465,10.9128,13.9144,14.8297,14.5733,12.8362,14.1776,13.0167,13.7581,13.9347,12.4949,12.9559,Environment_2
Gen50,9.9271,12.5056,10.5077,11.3906,10.8133,9.9418,11.3769,11.9591,11.2545,11.6756,10.3668,11.1146,10.5116,11.7747,10.9272,Environment_2
Gen51,11.6106,12.8942,11.0746,12.7299,11.9286,15.3401,10.1885,13.15,13.3189,13.4643,11.7673,12.1839,13.2144,12.8303,11.5902,Environment_2
Gen52,13.5355,12.2679,13.3235,12.0879,13.6406,12.5476,10.9694,11.3287,11.4189,10.76,12.1612,12.9896,12.9567,11.8691,13.7965,Environment_2
Gen53,13.4737,14.9281,13.5028,14.3977,12.5729,12.5105,12.9248,12.5908,11.0884,13.0125,12.4916,10.8871,12.5989,10.754,13.8251,Environment_2
Gen54,13.6518,11.7629,10.3275,11.5266,11.9645,12.262,13.1898,12.9958,12.6516,12.5673,11.6353,11.5634,13.4952,13.0479,12.7359,Environment_2
Gen55,12.8387,12.2391,14.0302,12.6287,12.1889,11.5581,12.1276,11.6307,11.8726,11.2022,12.3311,12.5919,11.8096,10.6677,12.7129,Environment_2
Gen56,12.1844,9.9688,9.9322,12.3416,11.2553,11.8129,11.0625,11.1716,10.9768,11.5627,10.768,13.5124,12.3236,10.6426,10.5497,Environment_2
Gen57,12.0065,13.9936,12.8512,13.7867,14.8598,13.0314,13.9957,13.8751,13.7121,13.4188,13.122,14.9376,14.0197,12.984,14.054,Environment_2
Gen58,13.3988,13.3424,10.6204,11.9153,10.7921,12.015,12.7226,11.2102,12.8556,12.2228,13.1824,12.0604,11.7583,12.6649,12.0628,Environment_2
Gen59,10.9729,12.0884,12.8389,11.2183,11.1845,13.1455,13.1272,12.5159,11.6471,12.3195,11.6356,11.9237,13.1149,13.4653,11.9857,Environment_2
Gen60,10.4749,8.8055,9.7955,10.1891,9.9386,11.2124,9.6296,11.3681,11.0089,11.9202,10.5797,9.6469,10.269,11.958,10.1272,Environment_2
Gen61,13.0981,14.3622,12.4586,12.1077,11.1768,12.7371,13.8287,14.469,11.9406,13.2806,13.589,12.7241,12.5476,13.3678,12.5466,Environment_2
Gen62,12.546,10.5289,11.0,11.2849,13.0956,11.238,10.3467,11.7245,10.7808,12.6022,11.8873,11.3397,10.3958,11.5397,10.6179,Environment_2
Gen63,12.6858,13.2594,12.1068,11.5237,12.0708,11.0149,13.5115,11.4983,13.146,11.4948,12.6934,13.244,12.9849,12.9716,13.721,Environment_2
Gen64,13.5289,12.0892,9.8959,13.7869,14.0499,10.5154,11.2988,12.3763,13.1738,14.5534,12.9318,12.3474,12.7775,13.0912,12.3596,Environment_2
Gen65,13.2598,13.418,14.2349,12.674,14.0448,14.8105,13.2141,12.9744,12.2617,12.1672,12.8357,14.7889,13.8713,14.6733,13.576,Environment_2
Gen66,10.691,12.1642,10.6775,11.0405,9.9151,11.4556,11.4085,11.6382,9.5982,13.0881,10.0865,11.4367,11.0401,9.7763,9.9932,Environment_2
Gen67,13.6644,13.4774,12.2151,13.2815,13.1504,10.8295,11.8953,14.9434,12.564,12.7136,14.6707,12.8349,13.708,14.9202,12.8377,Environment_2
Gen68,13.1574,11.5448,11.8542,13.3328,11.2753,11.2878,10.4018,13.1463,13.5656,12.1867,13.0926,12.651,11.3388,12.1633,11.4701,Environment_2
Gen69,12.3453,10.5482,12.3739,11.3861,10.242,13.4787,11.1866,10.5896,14.1701,10.1947,12.7267,10.4248,12.4572,11.6019,9.8971,Environment_2
Gen70,13.3777,10.389,13.6831,12.9914,12.6763,13.5322,11.84,11.3894,13.6878,12.8769,12.5338,12.4209,10.7525,14.4058,12.4207,Environment_2
Gen71,14.3095,11.6122,12.0763,13.2141,13.1719,12.5062,13.1435,13.4492,12.1218,11.1189,13.8566,13.7214,13.0184,12.5517,11.7489,Environment_2
Gen72,11.1841,11.5922,12.0905,12.3888,11.3835,10.2571,10.3714,11.0049,11.9912,12.1553,12.1454,13.0137,12.5354,12.6287,11.1662,Environment_2
Gen73,12.0148,12.4035,12.1684,12.098,13.0747,10.7956,12.0622,11.101,12.412,12.3071,13.4357,12.4325,11.8987,11.1555,12.4165,Environment_2
Gen74,11.3929,12.4778,11.9267,11.2894,11.6557,10.4488,11.4391,11.7836,12.9102,12.05,13.2694,11.2157,13.6192,12.961,11.116,Environment_2
Gen75,12.0838,13.3006,11.019,12.0408,12.5516,11.6979,13.0183,13.9933,12.7062,11.2215,12.7031,13.8389,11.6016,12.1826,11.9739,Environment_2
Gen76,10.5978,10.3869,11.1778,10.9212,12.8948,12.2297,10.2597,12.9238,13.6738,12.6197,11.7755,10.6109,12.0404,11.6997,10.8005,Environment_2
Gen77,13.0606,12.982,12.5945,13.6408,11.5482,13.015,13.311,12.7875,11.1754,12.4542,12.9712,10.5767,12.9212,13.2125,12.7863,Environment_2
Gen78,12.0841,13.0783,10.506,14.0187,12.6041,12.898,12.0651,13.8186,12.0045,10.7372,11.4552,12.9619,11.6316,11.4807,13.6995,Environment_2
Gen79,12.7137,13.7564,12.1762,12.6892,12.9685,11.9804,13.0804,11.7702,11.5286,12.0702,11.8564,12.4502,12.0162,12.691,13.2792,Environment_2
Gen80,10.9859,12.6773,11.6781,11.531,11.1982,11.2742,12.1398,10.1821,9.5013,12.5538,12.5676,12.9209,11.2649,11.4054,11.4045,Environment_2
Gen1,7.3227,7.4522,8.0037,8.4321,7.6771,7.6464,8.8883,7.7397,6.6598,6.055,7.9818,8.1787,8.5204,7.8666,5.7248,Environment_3
Gen2,7.5,8.3956,8.8845,7.3955,6.454,6.8456,7.6481,8.1719,8.17,7.4539,6.512,6.9643,7.0726,7.0842,6.4764,Environment_3
Gen3,8.5244,9.5301,8.0361,8.6516,7.8727,6.5946,7.4481,7.0026,7.028,8.0022,6.5342,5.6843,8.7642,8.4803,7.2981,Environment_3
Gen4,8.9706,10.1709,9.1109,6.3766,6.7756,8.0301,7.8663,6.2681,9.2705,7.9921,7.5726,9.1415,8.4355,7.3723,9.7486,Environment_3
Gen5,7.0516,7.8591,8.2128,8.5832,8.0387,7.8559,8.373,7.4906,7.7054,7.5959,8.8235,9.318,8.7984,8.643,7.9385,Environment_3
Gen6,7.1505,8.0489,9.5402,7.5449,7.5743,6.4111,7.0927,8.1197,8.3186,6.5163,8.6341,9.4838,8.2513,9.1569,9.0805,Environment_3
Gen7,7.9037,8.0153,8.5847,7.7022,8.3745,8.4827,7.5326,8.1212,7.8793,9.2895,7.8867,7.8807,7.5362,7.2254,7.1578,Environment_3
Gen8,8.145,6.5929,8.1889,8.0744,9.0067,7.9405,6.4897,9.4905,6.7762,8.033,8.3412,7.484,9.3545,8.5129,7.3648,Environment_3
Gen9,9.3537,10.2066,8.6526,8.7593,8.0711,8.0944,7.9787,8.0246,9.2549,8.627,8.5434,10.7962,7.694,8.9445,9.312,Environment_3
Gen10,8.815,7.8751,8.9079,8.3403,8.6332,8.6009,8.4063,8.4874,7.686,5.8063,7.5681,9.319,8.1064,7.6191,6.8925,Environment_3
Gen11,8.4804,8.1303,9.9858,6.9765,8.5661,8.9037,9.3813,7.9923,8.2841,8.5216,6.9004,7.2906,6.856,8.5304,9.0432,Environment_3
Gen12,8.0183,8.8188,7.9869,7.5926,7.6878,7.1785,9.4917,7.8158,7.9859,7.5989,8.9043,7.4634,7.9061,6.5944,8.6172,Environment_3
Gen13,8.8022,8.631,8.1545,8.5216,8.1286,11.0972,8.0116,8.9302,8.5102,9.4416,9.6928,9.6792,8.362,8.904,8.4485,Environment_3
Gen14,5.846,8.652,11.8866,7.9902,7.5308,7.1679,8.48,7.9038,7.7485,7.0348,6.2869,6.5872,8.9989,8.1074,8.168,Environment_3
Gen15,9.4011,6.5454,8.8594,8.7075,8.8552,9.4035,7.8495,7.9457,7.094,8.636,8.7481,7.9719,9.4517,9.276,8.4963,Environment_3
Gen16,10.0131,9.6893,6.6195,10.3123,6.9694,7.0999,7.1066,7.1088,7.4486,9.8563,8.4578,9.1207,9.621,8.4532,7.4551,Environment_3
Gen17,7.9931,8.2834,8.5236,8.9267,8.495,9.2574,7.831,8.1962,7.9044,8.4503,8.3527,8.0323,9.0842,9.8781,8.0527,Environment_3
Gen18,5.6207,9.0786,8.4806,7.9493,7.5729,7.5059,8.3438,8.0745,8.2469,7.8297,8.9204,8.0258,6.0744,4.816,7.5428,Environment_3
Gen19,8.0508,9.015,7.7452,9.5062,5.9531,9.0007,7.1294,8.0242,7.3432,8.0818,8.3035,8.7536,6.207,6.7204,7.4401,Environment_3
Gen20,7.6918,8.6528,8.7547,8.5336,5.9492,8.8995,8.519,6.6319,6.7431,6.1859,7.6634,9.0248,9.3213,7.7361,8.7563,Environment_3
Gen21,8.192,7.5383,7.3621,8.504,7.2065,7.7833,8.7667,7.6836,7.6703,8.669,10.2674,8.8216,8.4849,8.2447,7.6407,Environment_3
Gen22,7.9942,6.7586,8.1445,6.9477,7.7894,7.9847,7.6619,7.9441,8.6977,6.9012,7.2578,7.8944,8.4886,8.875,7.861,Environment_3
Gen23,9.4719,8.8773,7.4568,7.564,6.2464,8.3525,8.3816,8.82,5.9943,6.8777,8.3065,7.4748,7.5216,7.4005,7.478,Environment_3
Gen24,8.1194,9.017,8.7902,8.2693,8.3769,6.9574,8.0433,7.5907,7.5759,6.6735,9.0192,6.8837,8.1594,8.0091,7.5643,Environment_3
Gen25,8.4198,7.0644,9.2306,8.3354,9.0949,7.8993,6.3949,7.1912,8.0813,6.5987,8.5661,7.8252,8.9138,6.4266,8.333,Environment_3
Gen26,8.1596,8.5893,7.7274,6.0452,8.5868,7.0961,8.3385,8.5837,8.5825,8.5155,8.2065,9.7598,8.1528,7.7059,8.1764,Environment_3
Gen27,4.8417,7.255,7.9354,7.6206,7.3545,8.8718,6.6699,6.1394,5.1614,6.4428,5.8967,6.9878,8.1577,6.7025,7.5381,Environment_3
Gen28,9.4297,10.0739,8.1117,9.1614,8.0869,8.8864,8.3099,7.3742,7.1249,8.2577,8.1689,7.3733,8.8045,7.8597,9.166,Environment_3
Gen29,8.858,6.5137,7.2672,8.5493,8.4938,6.9996,10.4087,6.9564,9.0225,7.6681,8.4965,8.7991,7.1122,7.5242,8.7345,Environment_3
Gen30,8.2957,8.7608,7.6296,8.6926,6.9423,7.2135,9.8563,8.6416,8.0426,9.4509,8.2822,7.8522,8.8402,6.0736,8.1801,Environment_3
Gen31,8.6666,7.5557,10.6036,8.3544,10.1065,7.682,6.5609,7.6182,8.3105,10.0572,10.2298,8.6693,7.0301,8.117,7.6906,Environment_3
Gen32,8.4173,7.7869,8.0599,7.6919,8.2383,9.0088,7.4678,8.3274,6.6565,8.2678,6.3189,7.6552,9.5481,8.864,8.6899,Environment_3
Gen33,8.0931,7.1949,7.1749,6.2223,9.1802,7.7436,6.572,7.3101,6.0849,8.0915,7.071,7.713,9.3471,7.2883,6.7422,Environment_3
Gen34,9.0406,7.2209,7.3482,7.3439,8.2754,7.3509,9.8269,8.005,7.5251,7.6189,7.199,5.919,8.2382,8.5621,9.1733,Environment_3
Gen35,8.6032,8.0641,9.8598,7.4056,8.581,8.1995,9.2378,7.0341,8.0661,9.542,8.79,10.5015,9.47,9.9046,10.0664,Environment_3
Gen36,7.3423,7.12,7.6557,9.668,10.3183,7.7755,8.1269,10.0371,7.4208,9.0388,8.989,8.7284,9.484,9.1472,9.9683,Environment_3
Gen37,7.7474,6.9802,8.0236,8.4642,8.9131,10.2128,6.2973,6.5709,8.6807,9.9025,7.5894,8.4582,8.1944,7.9452,8.1241,Environment_3
Gen38,7.2109,9.4504,8.0999,7.252,8.6304,7.4556,7.1647,8.3314,7.3784,7.9767,8.1073,8.5562,8.3064,8.5117,6.8351,Environment_3
Gen39,9.3609,10.0626,8.48,8.0767,7.3861,8.1058,9.2231,9.1669,9.952,8.4059,8.1155,9.931,9.0132,8.2668,7.1127,Environment_3
Gen40,8.9122,7.8191,7.0773,7.9538,5.8739,9.0855,8.6168,8.0656,7.9299,6.4633,7.0969,7.0036,7.7407,7.5761,8.0158,Environment_3
Gen41,8.4278,7.0511,6.9303,8.7358,8.0712,6.9374,7.9005,8.2322,8.7178,7.4668,6.5474,7.395,8.5034,7.3297,6.01,Environment_3
Gen42,7.4396,9.2594,7.8011,7.5584,6.7269,7.6275,10.2238,10.6371,8.781,10.2072,7.1018,8.8182,8.4307,8.0791,11.0241,Environment_3
Gen43,8.4617,7.2641,7.9476,8.403,8.002,9.0313,8.6983,9.5622,6.8296,8.6551,8.8884,6.1624,9.8403,6.716,9.0665,Environment_3
Gen44,7.0847,7.4707,9.0894,6.2312,7.4176,8.1609,8.341,7.8181,8.6031,9.8141,7.9079,9.5024,7.9806,8.9914,10.4043,Environment_3
Gen45,9.4039,9.3616,9.2128,6.5262,7.9965,8.6614,9.376,8.7578,9.7426,7.7702,9.0757,7.7895,9.337,9.5913,7.7142,Environment_3
Gen46,8.3912,9.1779,7.7703,7.5571,9.4851,6.7126,7.5651,8.4344,9.7114,9.1359,8.9421,9.2593,7.9446,9.1337,6.1497,Environment_3
Gen47,7.0381,6.746,7.7131,6.6629,6.3845,8.0713,7.0009,6.6705,6.7434,7.082,8.6381,6.712,6.957,7.1397,7.5462,Environment_3
Gen48,7.9666,7.5529,8.6204,7.1364,8.8453,6.9919,10.2709,8.4905,7.3546,8.0747,8.0586,8.9304,8.4848,7.4572,7.1035,Environment_3
Gen49,7.0027,8.4755,6.707,8.022,8.4856,8.8354,7.6102,8.1935,8.7696,7.2628,5.5667,9.0926,7.5531,7.4494,10.0324,Environment_3
Gen50,7.9376,8.8951,8.9511,7.9296,6.9095,8.4082,8.722,8.251,9.0329,8.5741,9.7236,8.2087,8.9249,8.5397,8.4,Environment_3
Gen51,8.6417,8.6334,8.468,5.1236,8.6061,6.1811,6.7248,8.3717,5.6648,6.4346,7.1184,8.6302,7.4324,7.734,7.9883,Environment_3
Gen52,8.4997,6.9384,7.6319,9.323,8.1635,7.7616,8.7009,8.7213,7.6086,7.8701,8.1193,7.4006,8.0684,7.5986,9.5194,Environment_3
Gen53,8.7889,7.7231,7.3214,8.4746,6.2978,8.4679,8.35,7.7553,7.5547,6.6808,8.0356,6.1422,8.65,7.1966,7.3108,Environment_3
Gen54,6.9761,9.1119,7.6736,7.2566,7.4536,7.8908,8.9278,5.7949,9.7705,7.5213,7.1917,9.1944,7.8341,7.0672,8.0398,Environment_3
Gen55,7.5446,7.5836,7.8299,6.9301,8.0013,7.2936,7.199,8.5533,7.3947,8.1111,6.8249,6.9164,10.1475,6.962,7.7496,Environment_3
Gen56,8.471,8.8792,8.8072,8.4576,8.875,9.5027,8.3491,8.2659,9.4626,6.7706,9.3013,7.187,7.1541,8.3636,9.5328,Environment_3
Gen57,6.9213,8.9447,9.746,9.6736,8.7583,8.9978,8.13,7.3004,9.3624,10.5789,7.8156,9.224,5.9862,7.8562,8.1523,Environment_3
Gen58,8.7411,8.0659,8.1142,7.143,6.4225,8.9992,7.7286,8.9881,8.4983,7.7843,6.8191,5.6079,7.3514,7.8363,7.1836,Environment_3
Gen59,8.4402,7.5311,9.2475,8.2466,8.7564,8.2476,9.5778,7.1187,8.8113,8.4458,8.7908,8.3747,6.2069,7.2002,8.5828,Environment_3
Gen60,10.0051,8.664,7.4014,7.8172,8.4797,9.8503,7.279,7.7188,8.3096,9.2349,6.5653,8.2424,9.7955,10.3079,6.6576,Environment_3
Gen61,8.4722,7.8579,7.856,8.7637,7.1555,8.8069,7.9829,6.5174,5.9381,5.9411,9.7259,8.5188,9.4843,8.7517,6.3599,Environment_3
Gen62,9.821,8.4108,8.2153,8.189,9.4985,8.5035,7.204,6.1292,7.8918,7.5798,7.9487,8.8332,7.6074,9.7627,8.3957,Environment_3
Gen63,6.5988,8.8898,9.0396,8.2857,7.1581,7.5436,9.128,8.2575,6.5917,9.1984,7.3945,7.9897,9.6126,8.1575,6.9091,Environment_3
Gen64,8.3603,7.7701,10.604,6.4472,9.0802,9.0051,6.897,7.7415,7.2828,9.0899,7.2195,8.9706,6.8911,7.6075,6.4691,Environment_3
Gen65,8.4086,7.6475,8.7597,7.3661,8.1778,7.7567,7.1113,7.8907,7.8932,9.2529,7.4468,7.576,7.2153,7.2322,8.8293,Environment_3
Gen66,9.022,8.3406,6.7511,8.4199,9.2848,5.2098,7.5547,9.6888,7.4472,8.8242,8.159,6.6708,9.6689,7.8757,5.4872,Environment_3
Gen67,7.7129,6.7204,7.494,10.1296,8.8165,7.3305,8.5876,7.623,8.1811,9.3206,8.2988,7.6277,7.8668,7.0036,6.4861,Environment_3
Gen68,7.9337,8.4312,8.4792,7.5766,7.3206,7.8169,8.9784,7.4046,7.7134,7.9848,8.3257,6.0117,8.6961,5.624,6.261,Environment_3
Gen69,6.7495,9.5903,8.2212,7.1636,7.7392,7.5911,7.4034,6.9657,6.4706,8.4412,5.3545,7.6547,6.2006,6.4469,7.4021,Environment_3
Gen70,9.6458,7.7481,7.98,8.8168,6.6916,8.2509,9.2431,6.659,8.6553,7.7423,8.6505,9.3054,6.6523,7.7089,7.5762,Environment_3
Gen71,8.0023,7.8772,5.7186,8.0407,8.1794,9.0493,7.5797,8.2681,7.5175,7.8066,8.9521,9.4923,6.9925,8.6792,7.6555,Environment_3
Gen72,8.6547,8.3717,9.4417,7.1704,7.9225,7.6129,9.0487,6.6714,9.1384,9.0026,8.6176,8.353,6.517,7.7267,8.1341,Environment_3
Gen73,5.8329,6.3039,7.8086,6.6367,7.1032,8.3009,8.0411,7.6551,8.4289,6.1058,9.0685,8.0503,6.8974,6.9653,6.4625,Environment_3
Gen74,6.7735,5.5479,7.4686,8.4267,8.3859,7.2279,7.1602,7.7853,9.0339,8.0148,6.9687,8.342,7.2857,8.0435,7.5177,Environment_3
Gen75,8.2271,9.0904,8.4809,9.9947,9.3381,8.2359,9.1289,7.4315,9.1353,8.7149,7.4452,9.1577,9.064,9.6933,7.3706,Environment_3
Gen76,6.6692,8.3145,7.3015,8.9935,6.0604,7.2779,8.4139,7.779,10.5862,8.1956,7.023,6.2671,6.4406,8.8508,7.1712,Environment_3
Gen77,8.1203,9.2727,9.9469,6.4409,9.1758,9.2861,8.727,7.1026,8.684,7.4952,8.5336,7.6753,7.5727,9.0774,9.28,Environment_3
Gen78,9.4288,6.7458,7.8565,7.1766,7.3706,6.6506,6.1633,8.8005,7.8165,8.9237,8.2949,8.5405,7.7386,7.8731,6.7793,Environment_3
Gen79,8.8451,9.1946,8.4187,8.6792,8.7153,7.4821,8.6026,10.0199,7.8589,9.344,7.5892,7.1836,7.2674,7.5014,6.3862,Environment_3
Gen80,7.2871,6.317,7.3705,6.7119,6.591,7.7614,6.8154,6.4659,7.4497,7.4984,6.0198,6.9398,9.2616,6.6191,7.8245,Environment_3
Gen1,16.9505,19.3122,16.6175,18.4263,19.4467,17.3076,17.1642,14.8198,16.8549,15.946,19.1816,19.7199,17.3348,18.8788,17.3269,Environment_4
Gen2,19.8391,18.6983,16.4594,18.9106,20.6526,18.184,18.3702,18.6563,19.5591,17.7455,17.8343,18.8246,19.0902,17.8373,18.3058,Environment_4
Gen3,18.2684,18.113,18.6242,17.8604,18.0317,18.7583,19.9731,17.0181,19.7528,17.9592,17.859,17.1683,19.2687,19.3224,15.7403,Environment_4
Gen4,18.7141,19.6357,18.4822,20.3645,17.6925,17.0936,17.7346,18.4461,16.7738,20.019,18.6178,18.4179,18.7727,18.4914,19.5479,Environment_4
Gen5,19.135,19.1724,18.9939,19.4477,18.1237,19.9312,19.6171,18.9977,19.3337,21.2376,21.4701,21.1555,18.8546,18.824,21.0996,Environment_4
Gen6,20.0564,18.2733,18.8927,17.701,19.8678,15.8395,16.4657,16.2029,16.0944,17.6748,17.7077,19.7941,17.3193,16.692,17.5298,Environment_4
Gen7,17.6243,16.6204,18.0868,16.4051,17.3255,17.7109,19.1334,16.9894,16.7008,17.6597,17.6801,16.8093,16.3015,17.5962,18.4283,Environment_4
Gen8,17.9706,16.7623,16.6543,17.8403,16.8764,17.505,18.4843,14.5415,17.1953,16.547,17.8498,17.161,17.6013,18.2205,17.2501,Environment_4
Gen9,17.7868,16.0874,14.9289,16.776,15.8573,16.6947,16.6747,15.7628,17.1907,16.6955,16.3907,15.6553,17.7443,16.0417,16.5748,Environment_4
Gen10,16.49,15.8754,17.335,16.6382,17.4815,16.8397,17.6852,16.9182,15.8832,15.4748,17.7506,16.117,17.6959,16.8797,17.3099,Environment_4
Gen11,17.2045,16.5246,19.222,17.1105,16.1916,18.0529,18.1644,18.7338,19.9133,17.5358,18.552,17.0178,17.8483,18.0211,17.5522,Environment_4
Gen12,20.583,19.4343,19.3212,18.4145,20.0816,19.3779,19.7038,18.5736,16.7072,19.3761,18.1108,18.6367,18.1299,18.9318,19.3083,Environment_4
Gen13,17.4742,19.4053,16.7966,19.6054,19.3894,17.9074,19.0656,18.9904,18.7791,18.7889,18.143,19.2392,19.1258,19.1984,19.9581,Environment_4
Gen14,17.968,18.7558,19.3424,18.0932,17.4578,18.9258,18.2934,17.9468,16.413,17.4307,18.5882,18.3827,19.2195,18.4152,18.185,Environment_4
Gen15,17.8638,18.8344,18.4056,19.4361,16.6848,18.5541,17.536,17.1866,16.6711,18.8178,16.5241,17.277,19.4048,17.425,18.9277,Environment_4
Gen16,19.9179,19.2117,18.2053,18.6139,18.4293,18.1662,19.1494,18.3278,18.4732,20.5727,18.4948,19.4137,18.2945,20.5288,19.4644,Environment_4
Gen17,17.4397,16.2548,16.9891,18.8222,17.0607,17.6962,17.2725,17.0268,16.3194,18.2719,17.4706,17.1182,18.2735,16.8788,19.4303,Environment_4
Gen18,16.5351,18.3113,19.0224,18.1209,17.5809,18.8831,19.6379,18.7833,18.5748,20.3819,19.1122,19.5681,18.444,17.4972,19.0989,Environment_4
Gen19,17.456,18.7593,18.4282,19.101,18.6789,17.5175,16.8629,17.8931,17.5911,18.4549,17.1904,18.7411,16.0016,16.2247,19.6201,Environment_4
Gen20,18.9476,19.2285,17.8257,18.7688,17.7074,17.9592,17.5275,17.7374,18.7424,16.3719,17.3694,17.439,15.7019,18.7242,19.6233,Environment_4
Gen21,18.5778,18.8457,17.278,17.4553,20.6987,19.483,20.295,20.0374,19.4926,20.6702,20.3238,18.9507,19.5382,18.411,19.1309,Environment_4
Gen22,17.6037,18.0118,17.1734,18.3553,17.685,20.5065,17.3899,17.9762,18.369,17.1721,18.7656,17.876,18.4974,16.8791,16.5838,Environment_4
Gen23,20.1612,22.0853,19.6471,21.0395,19.686,19.9309,18.8132,18.8076,19.2841,19.5213,18.8472,19.3882,20.1738,18.4859,19.3947,Environment_4
Gen24,17.3018,19.9667,18.1473,18.5498,19.7207,19.5147,19.1106,18.6133,20.0623,19.1568,19.4613,17.3995,18.4794,19.48,18.8307,Environment_4
Gen25,14.9957,17.7968,16.3726,15.1164,17.7139,17.6355,18.1774,16.5903,18.4154,17.2656,17.7648,17.1276,15.8313,18.5672,18.4984,Environment_4
Gen26,18.2013,16.7953,17.6336,18.2398,19.1932,16.2026,19.3887,17.3991,18.0872,17.8579,18.8417,18.6676,17.7198,18.438,16.5569,Environment_4
Gen27,17.0903,18.1401,19.6015,18.504,18.1071,18.0427,18.9731,19.8843,16.4905,20.3097,16.9308,19.3694,19.7068,18.1244,16.5216,Environment_4
Gen28,17.6783,17.8471,15.3584,18.2458,17.617,19.4162,15.3982,18.818,19.2068,17.5196,18.1129,16.2863,19.3785,19.3069,17.0221,Environment_4
Gen29,19.5025,19.2159,18.3689,17.894,15.8847,17.1574,18.3241,20.4104,17.5771,16.4593,18.5549,17.8591,18.4962,17.1539,15.2964,Environment_4
Gen30,17.8088,19.1056,19.6972,18.4925,18.4755,18.8309,18.0336,19.4104,17.1584,15.8836,17.3164,19.1603,18.7293,18.0266,17.3257,Environment_4
Gen31,16.7847,16.3053,16.0512,17.5589,18.6236,18.0647,18.7719,17.5418,17.7114,17.4231,17.4626,17.5759,16.0275,16.6491,17.0966,Environment_4
Gen32,16.9099,16.9616,18.898,16.0478,16.9389,18.9584,16.9324,16.6038,16.823,17.5869,17.5,17.2812,15.776,17.5962,15.9486,Environment_4
Gen33,18.4192,19.4754,18.1217,17.9549,18.8478,20.5245,18.1095,18.4142,18.8509,17.4396,18.1054,17.5714,18.1876,19.9322,19.3692,Environment_4
Gen34,16.7367,17.696,19.5256,18.2915,19.3853,19.1469,16.7285,20.22,16.4186,19.1981,19.9303,18.691,19.1255,17.8933,17.8393,Environment_4
Gen35,18.1911,18.9063,16.9591,18.5763,18.0244,17.5884,18.4023,18.5471,18.6417,18.1848,18.6188,19.1249,18.1587,18.6021,17.921,Environment_4
Gen36,19.0046,17.1833,17.926,19.347,20.0433,19.6112,17.052,18.4075,19.3319,17.1948,18.615,17.996,16.2359,18.4228,18.74,Environment_4
Gen37,20.5759,18.976,20.1517,20.7186,20.2026,19.4551,19.5136,20.2839,19.6319,19.8844,20.448,18.6381,17.9723,19.2636,20.0866,Environment_4
Gen38,19.3813,17.7878,20.0797,18.2332,19.3306,19.7275,17.9037,18.486,18.7632,19.577,19.4403,19.9182,19.2891,18.6132,19.4409,Environment_4
Gen39,17.4247,17.4946,17.2752,15.4504,14.4483,17.2054,16.5833,16.4659,16.1953,16.4692,16.3968,18.2929,16.1236,17.1707,16.0337,Environment_4
Gen40,18.0937,19.466,18.2298,19.4083,17.8761,16.2288,17.4988,17.5591,18.8908,17.3937,18.4205,18.0582,17.6084,17.1766,19.5473,Environment_4
Gen41,19.5888,18.4302,17.7593,18.6159,19.1268,18.7659,16.8395,18.1207,18.9901,17.696,16.4084,16.6208,17.7487,18.4734,16.8407,Environment_4
Gen42,17.6,18.0863,18.1251,18.6057,17.6492,18.6,19.1989,17.413,16.3498,17.9286,17.9095,18.451,18.685,18.2041,19.1827,Environment_4
Gen43,16.9336,19.3138,17.1438,16.8005,17.4935,18.7025,18.2581,18.2288,18.688,18.683,17.1996,18.3929,18.6876,16.876,18.6794,Environment_4
Gen44,16.828,18.4836,16.3656,16.9304,15.7896,17.6637,16.0958,17.16,18.2369,18.2832,18.7052,16.2259,19.7145,18.4781,18.393,Environment_4
Gen45,17.8168,17.8507,18.93,21.1264,19.6565,18.9871,18.9259,18.1754,17.9639,16.8778,20.5633,18.9332,16.8517,18.1809,18.9586,Environment_4
Gen46,20.4197,17.5621,19.6332,18.9835,17.1906,19.6639,18.0045,18.9296,17.2333,18.314,18.7411,20.0161,20.0462,19.3457,17.5945,Environment_4
Gen47,19.665,19.4005,19.2978,18.6487,18.8075,18.0496,19.9527,18.8769,18.7163,18.9256,18.8466,18.4093,17.4631,18.6049,18.2207,Environment_4
Gen48,18.4764,19.3146,17.6907,17.3579,17.775,17.5558,18.2236,17.9883,18.0668,16.3144,17.7086,16.9445,16.603,18.6555,17.4689,Environment_4
Gen49,18.2064,16.7872,18.6398,15.526,17.4536,18.9182,16.2089,17.4941,16.4941,17.109,17.6314,18.3558,16.593,17.7051,17.4084,Environment_4
Gen50,18.0072,15.9683,16.4245,17.3033,18.3045,16.8836,17.6538,17.6287,19.2165,18.533,19.403,17.1834,17.2539,17.3072,16.9234,Environment_4
Gen51,20.1007,19.4442,19.6869,19.5116,18.9731,17.298,18.5746,17.2583,16.0244,18.2808,17.7766,17.0682,18.9514,19.2227,18.8004,Environment_4
Gen52,20.7525,18.7187,20.2167,20.0238,18.0731,17.5428,17.4867,20.1805,20.504,19.4532,18.6382,18.7724,18.0191,19.8184,20.1771,Environment_4
Gen53,19.6174,20.9584,19.8925,19.867,23.9595,20.8014,20.9591,17.732,20.534,20.1073,20.0431,20.2564,18.1613,20.787,19.8225,Environment_4
Gen54,20.0566,17.3543,17.2133,17.3485,17.3245,18.1323,18.8338,17.2382,17.8096,16.8404,18.7954,17.3427,18.8342,18.1523,18.0829,Environment_4
Gen55,18.0498,17.6617,17.6216,15.6844,17.879,17.266,17.6548,16.5017,15.6912,17.4619,17.6785,17.685,17.5426,17.7929,16.2262,Environment_4
Gen56,16.5315,19.107,18.8158,18.1537,17.2355,17.5765,18.2567,17.781,18.0113,17.5699,17.4907,18.6493,17.4596,19.9682,19.0785,Environment_4
Gen57,15.7598,17.5621,18.226,16.5293,17.2728,17.5338,17.8376,16.6419,16.0246,16.7749,17.1405,16.1587,16.5627,15.902,17.2758,Environment_4
Gen58,16.3297,15.5491,17.6933,17.996,16.6431,16.1733,18.2857,17.1933,17.7533,16.9484,18.1589,15.7908,16.3561,16.3275,18.3592,Environment_4
Gen59,19.166,19.6373,19.5306,19.1637,17.2438,18.1951,18.3641,19.9502,18.7149,18.7,17.4726,20.4635,18.0358,16.4578,18.3445,Environment_4
Gen60,17.4766,17.5552,19.3467,17.3977,17.8866,18.9916,19.9718,19.2824,17.2466,18.7125,19.3668,17.5586,19.6855,17.6904,19.1908,Environment_4
Gen61,18.9307,18.2775,17.7236,17.8766,17.3783,18.0433,17.2461,17.1782,16.4937,15.7084,16.821,18.7553,17.3658,19.5006,18.1081,Environment_4
Gen62,16.7229,19.0743,17.8143,18.1842,18.4979,18.109,19.6043,19.5743,19.2069,19.5609,18.3073,16.8523,20.7966,19.2029,19.21,Environment_4
Gen63,16.6488,18.1119,16.784,18.7219,18.5983,18.5511,18.8053,19.1806,18.5172,20.8473,18.7938,19.3962,19.3046,19.8662,18.2844,Environment_4
Gen64,17.1955,18.8763,17.2651,18.4033,17.4933,18.8505,18.0007,17.5219,19.0805,18.4967,17.3365,18.2755,19.5744,18.4431,19.5117,Environment_4
Gen65,17.9082,19.3151,17.361,18.0448,18.485,17.0521,17.6337,16.6347,18.5879,17.6729,18.9778,18.2717,19.5101,17.2863,17.4043,Environment_4
Gen66,18.4512,15.6338,17.7903,16.2493,17.9331,18.565,16.8472,19.7427,18.6742,17.2447,17.8803,19.2381,17.8027,18.0155,19.0382,Environment_4
Gen67,17.4845,18.3591,18.1023,17.3819,16.5459,16.5259,15.3787,17.158,16.5984,16.8419,17.3459,18.609,18.5973,18.5485,17.8312,Environment_4
Gen68,16.7197,18.5608,16.5621,18.0159,16.1096,18.972,18.2374,17.5037,17.6618,17.4416,17.8617,18.0986,18.66,16.1735,15.7625,Environment_4
Gen69,20.2341,19.1075,18.3503,19.5542,18.2488,20.0791,19.235,19.8866,18.5401,18.9211,18.7658,19.0127,19.1664,20.2819,19.6644,Environment_4
Gen70,17.4427,19.9784,17.2081,19.2991,18.2223,16.8261,17.9774,18.6641,17.9139,18.681,19.1109,18.4643,17.9247,17.5912,17.9667,Environment_4
Gen71,16.7135,17.4325,18.3922,18.5615,15.7725,15.2259,17.0827,18.1473,17.0808,16.6855,16.9821,19.2075,19.0887,16.5473,19.1139,Environment_4
Gen72,18.9709,19.2914,19.0667,19.4496,19.0926,20.1767,19.8893,19.4562,19.2768,18.9492,18.5106,19.2474,17.5133,19.5398,19.5858,Environment_4
Gen73,15.8626,17.7576,18.371,17.9939,17.0048,18.3017,18.0668,19.8956,19.4818,17.5385,16.9063,18.4832,18.2486,16.5998,18.5265,Environment_4
Gen74,18.9638,18.6783,18.7658,19.1725,17.93,18.1417,19.5368,20.005,18.2666,20.1959,16.7946,18.9194,18.9965,20.0067,17.4129,Environment_4
Gen75,19.8569,19.1187,18.1504,20.0341,18.6246,18.9255,17.259,18.7638,19.8442,19.0738,18.8197,18.5916,17.8197,17.9885,18.8871,Environment_4
Gen76,20.3759,19.2697,17.4618,17.9082,17.538,17.341,18.1054,20.1817,18.975,18.3636,18.576,18.8132,19.6013,17.833,17.3409,Environment_4
Gen77,15.948,17.9082,18.1309,16.3072,18.807,17.9722,18.266,16.1797,16.1598,17.5122,18.557,16.6058,19.1714,17.0342,16.3373,Environment_4
Gen78,17.7066,18.1006,18.0452,19.2038,18.6468,18.6177,19.9037,20.161,18.3194,18.3334,18.2,19.057,16.9143,17.336,15.2792,Environment_4
Gen79,20.5489,20.4256,19.5866,20.749,20.9491,19.5032,20.1878,20.9785,19.194,19.6782,20.4546,19.7294,20.938,19.1401,19.2128,Environment_4
Gen80,18.9601,18.0323,18.5981,19.5304,18.2394,18.5011,17.4086,18.0659,18.2275,18.2723,17.9749,18.5414,19.6413,18.032,19.1617,Environment_4
Gen1,27.7989,28.6708,27.8675,28.1569,29.2639,26.7933,29.9852,27.7706,27.5108,27.5814,27.2996,26.901,29.5429,27.4696,27.5277,Environment_5
Gen2,29.3157,29.158,29.869,28.5822,29.2855,30.1182,29.2646,28.7706,31.4698,28.7068,28.7067,30.4455,29.0738,30.2009,29.7422,Environment_5
Gen3,29.9833,30.2249,28.5832,30.6954,32.0062,29.2242,30.3542,31.966,31.2843,31.1383,31.3866,30.7801,30.9384,30.1202,29.493,Environment_5
Gen4,28.1161,27.5356,27.6945,28.673,28.1438,26.9194,29.6227,27.4987,26.8909,27.5185,28.5951,26.7695,27.7852,26.6059,30.3708,Environment_5
Gen5,28.3759,28.4985,28.3068,28.5864,29.0729,28.6787,29.3529,29.0485,29.5735,29.0414,29.2333,28.2377,27.1045,28.4343,28.2924,Environment_5
Gen6,28.7477,29.0947,28.7955,28.0263,27.4175,28.6972,29.9142,28.5166,27.8348,29.3949,29.4343,28.6005,29.0794,30.0384,30.3468,Environment_5
Gen7,27.2196,25.3704,30.4333,27.8382,27.3127,27.056,27.0663,26.7767,27.2062,29.2746,27.1733,29.0373,26.8837,27.8877,28.6915,Environment_5
Gen8,26.8611,26.1395,27.1824,27.4386,27.2763,27.1907,26.2175,26.3981,28.1658,27.8697,27.603,26.6729,27.719,27.2809,26.9736,Environment_5
Gen9,28.7409,29.672,28.6306,29.1624,29.2258,29.1779,27.727,28.7452,26.5673,27.1292,28.5413,29.6455,28.9402,28.3153,27.6353,Environment_5
Gen10,27.6218,29.1269,30.018,27.261,27.9812,28.3315,29.6088,29.5063,29.4267,29.1831,29.4137,27.5058,28.4202,27.7235,28.8023,Environment_5
Gen11,26.9526,26.4811,27.8759,27.6221,27.3188,26.4084,27.9417,28.3573,27.2098,26.0031,28.0038,29.5215,27.3078,26.5232,27.5628,Environment_5
Gen12,28.2475,29.3491,28.5298,27.6301,27.8736,27.885,27.6891,29.3561,26.6638,27.9065,27.8101,28.743,25.496,28.5088,29.8749,Environment_5
Gen13,30.7911,29.2364,29.9961,29.1442,30.7684,31.2154,31.0407,30.9981,31.0315,29.2735,30.3059,31.8329,29.9981,31.5903,29.7027,Environment_5
Gen14,30.0331,28.4854,31.1395,28.8556,27.5971,29.2872,28.7718,28.4623,28.594,29.4853,28.2953,27.9545,27.8568,29.392,27.656,Environment_5
Gen15,27.5007,27.7402,30.1377,30.1576,29.4484,28.7263,28.0434,27.0176,30.0027,27.2013,29.2604,28.3826,29.6061,27.9691,26.9047,Environment_5
Gen16,28.1191,28.316,28.1612,27.0783,27.5783,26.8773,27.9231,27.8966,28.2276,28.2275,28.6228,28.1395,28.5425,27.6315,29.0722,Environment_5
Gen17,28.3229,28.4152,27.4712,29.0395,28.995,29.2587,27.3023,28.3356,27.8925,29.6059,28.5641,27.521,28.8274,27.9715,28.2814,Environment_5
Gen18,26.564,28.3066,26.3046,28.2882,26.2783,27.1579,29.089,27.0012,27.2522,25.5952,27.2282,26.9819,29.4035,27.1857,26.6199,Environment_5
Gen19,29.3203,29.235,28.5248,27.0785,29.7647,30.5265,27.959,27.6851,27.9547,28.7041,27.9518,30.1623,27.7864,28.4717,29.5113,Environment_5
Gen20,27.7679,28.2028,28.165,27.6922,27.9116,27.1607,27.195,29.4415,27.4815,28.3637,27.7496,28.9902,28.4302,27.2108,27.4431,Environment_5
Gen21,28.9034,29.5638,28.6275,28.5334,28.7926,30.3144,28.1481,29.3142,28.1407,28.1734,30.856,27.441,30.9976,27.8909,29.1081,Environment_5
Gen22,28.2989,29.1571,27.6667,28.6235,28.3573,27.9317,28.3563,29.8252,27.7917,29.8588,27.9022,28.06,26.8248,27.9835,28.2118,Environment_5
Gen23,26.6375,27.0664,27.8301,29.0614,27.6136,27.8509,28.7254,29.6137,26.852,29.4824,26.4781,27.7175,29.6508,29.4146,27.2498,Environment_5
Gen24,27.039,28.6177,27.8313,28.2946,25.6619,27.3807,27.6341,27.7212,27.2285,25.3462,27.3519,27.3725,25.8358,25.6376,28.501,Environment_5
Gen25,28.7216,28.9429,28.2831,28.3131,29.8396,26.411,28.1311,27.5199,28.9603,28.474,27.8523,29.5893,28.3681,28.9284,28.8671,Environment_5
Gen26,30.0168,29.8255,30.0536,28.0033,32.1544,29.4707,29.6733,32.0481,30.2466,30.4485,30.4025,31.6858,29.2389,30.524,28.8963,Environment_5
Gen27,27.8176,28.0499,28.6652,27.5997,28.0867,26.2614,26.7294,27.4106,26.7678,27.3458,28.2926,28.5533,26.9105,27.7116,26.6197,Environment_5
Gen28,28.2915,30.1774,30.2317,30.5136,29.2959,28.6927,30.1276,28.9691,28.2099,28.8646,29.1817,30.0447,30.0619,30.0927,28.2645,Environment_5
Gen29,29.0098,28.2856,28.969,29.9231,29.8619,30.8783,30.2211,29.8688,30.5406,29.4871,30.5067,29.0564,29.7947,31.9488,30.4492,Environment_5
Gen30,27.9371,29.6022,27.6861,28.9435,29.1948,28.6895,29.0353,28.6785,29.4768,29.1597,29.0878,30.1295,30.6719,28.5382,29.4565,Environment_5
Gen31,30.009,28.065,29.6462,29.0025,30.3181,28.687,29.8781,28.0194,29.6464,29.796,28.9402,29.23,28.9559,29.3842,28.0361,Environment_5
Gen32,26.799,27.0203,27.9262,27.9847,26.9927,28.1359,26.8758,27.9025,28.5873,27.043,28.4027,26.2086,28.8418,26.9321,25.1501,Environment_5
Gen33,29.8692,28.3255,27.014,27.5933,26.7492,27.456,30.5705,27.0733,27.6069,27.067,29.4398,28.0568,27.6794,28.6667,28.8397,Environment_5
Gen34,24.8142,24.8116,26.3591,27.5223,25.6487,26.2223,24.578,23.8744,27.6066,27.7782,22.7498,25.2179,26.9546,25.8893,26.1529,Environment_5
Gen35,27.1715,28.4262,26.1656,26.4712,26.965,27.8784,29.7107,28.4463,28.9354,26.2387,27.5873,28.1787,28.1372,29.603,27.8568,Environment_5
Gen36,28.6023,27.353,28.802,27.6249,27.4091,28.5263,29.2483,29.4256,28.0043,28.645,28.6122,28.4538,28.7964,29.5034,28.212,Environment_5
Gen37,28.7812,29.028,31.3316,28.7203,29.3948,29.6128,29.7845,29.9519,29.6902,27.6596,28.6841,28.3512,30.9147,28.9397,30.1631,Environment_5
Gen38,29.3086,28.0709,30.3605,27.4732,26.98,29.2489,29.8228,28.1481,27.9219,29.2959,30.6787,29.8037,27.9026,29.1774,28.2656,Environment_5
Gen39,28.4489,29.4969,28.4637,27.7859,29.8649,30.7802,27.7117,30.0853,30.392,30.46,29.3565,28.7115,30.1693,28.9655,29.7785,Environment_5
Gen40,26.9146,26.4138,28.8281,27.0203,26.8182,27.9654,27.1428,26.3145,25.7984,26.7132,27.3326,27.8354,26.3857,26.3127,27.5336,Environment_5
Gen41,29.0215,26.7953,28.5349,29.5639,30.423,28.2139,28.8304,27.8068,27.8101,30.0825,29.5465,29.0993,29.6883,28.0859,28.0831,Environment_5
Gen42,28.0433,29.3541,30.6514,30.3723,31.2338,30.4691,28.3004,31.3298,29.4687,30.9471,30.4179,30.4803,29.8612,29.4815,31.0345,Environment_5
Gen43,31.4109,29.7069,27.0317,27.7436,27.3456,27.8839,28.935,28.0967,29.7547,28.2373,28.4578,27.4721,28.8708,28.7724,30.7081,Environment_5
Gen44,29.2863,29.4613,30.0685,31.3174,29.9436,30.3919,30.9703,29.803,30.508,31.5625,29.1781,29.1363,29.5325,30.1663,28.5026,Environment_5
Gen45,29.7291,31.2289,29.9203,29.8853,29.7868,30.284,29.3184,29.23,29.9199,31.8344,30.6035,29.8907,29.6851,29.4817,29.6352,Environment_5
Gen46,28.7862,26.9802,27.4236,29.1636,27.4833,26.898,25.7004,27.8627,25.3577,26.3736,27.1503,28.1114,26.7804,26.2964,26.7932,Environment_5
Gen47,27.1694,26.5923,28.4368,29.0272,26.9714,26.9611,27.9131,27.337,29.505,27.3297,27.7628,27.7027,27.022,29.5489,28.346,Environment_5
Gen48,26.1339,25.9502,28.0163,27.1233,26.3742,27.2886,28.0236,26.7446,26.6913,27.7061,26.2687,26.8381,25.9106,28.4454,27.2117,Environment_5
Gen49,28.5126,30.0698,30.159,28.6649,28.708,28.3707,28.8545,28.6846,30.791,30.7609,28.1276,27.9493,29.3874,28.5104,29.0214,Environment_5
Gen50,27.6268,28.5554,26.6452,28.0445,27.5577,28.3158,27.5871,29.3728,26.0527,27.6922,27.9507,27.6882,25.7246,25.3805,29.2994,Environment_5
Gen51,30.2479,29.4474,29.7997,29.9072,29.8298,30.4952,27.3671,30.0695,28.5942,30.1665,30.9587,28.9564,29.4185,29.8525,29.4044,Environment_5
Gen52,29.0164,29.5406,28.9006,28.6389,29.6815,28.0982,29.7261,29.5694,28.8619,31.7403,29.6428,29.3237,29.1996,28.6123,28.3034,Environment_5
Gen53,28.3069,29.4301,30.8348,28.6227,29.5385,28.5396,29.7936,28.0156,29.5184,28.3483,28.9193,30.3238,30.7964,28.7161,29.3862,Environment_5
Gen54,28.356,28.1667,28.7357,28.227,26.6827,26.861,27.8284,26.7317,26.593,27.0158,28.5439,29.745,27.7075,26.3029,27.845,Environment_5
Gen55,28.806,28.4303,27.6307,28.8275,28.5858,27.7655,29.865,30.0079,28.0866,29.4966,29.48,29.2333,29.0195,26.8471,28.2855,Environment_5
Gen56,28.0736,27.9746,29.6245,29.8931,27.5726,27.2228,27.2291,28.109,29.4861,29.2689,29.135,27.4638,28.5432,28.7778,27.2127,Environment_5
Gen57,28.925,30.094,29.9128,28.3688,29.5044,27.2315,30.4135,28.5225,30.2988,30.2333,30.6986,29.3438,29.5682,29.4441,30.6275,Environment_5
Gen58,28.9232,28.1808,27.4359,28.9008,29.7674,30.8586,28.6556,27.9843,28.7958,28.93,27.7423,30.0178,29.6422,29.2456,30.0797,Environment_5
Gen59,28.5673,28.5111,27.8051,27.9584,28.2195,28.7733,28.9512,29.6912,29.6652,30.8547,28.1439,30.2227,29.6242,30.3878,28.0567,Environment_5
Gen60,28.3619,30.5849,28.196,30.3111,30.8604,28.6232,30.3488,29.6107,29.4589,31.4018,29.2977,32.13,28.876,28.5053,29.7654,Environment_5
Gen61,26.9394,28.7527,30.2035,27.1732,27.974,29.5515,29.4241,30.3377,27.2127,29.2754,30.2013,28.5345,30.77,28.6258,28.4467,Environment_5
Gen62,30.0688,30.7572,30.6575,29.5173,31.2214,32.1054,30.9608,29.9116,30.0248,29.5152,30.6368,30.1321,31.4101,27.783,30.3909,Environment_5
Gen63,28.5312,26.8124,28.3399,26.2139,26.7367,27.5451,28.1026,29.8295,27.5785,27.8735,27.7569,27.9017,29.0221,28.0392,28.5133,Environment_5
Gen64,27.4692,28.3085,28.9944,28.3905,25.894,27.5398,27.7863,28.6176,26.6995,26.8447,28.4489,28.9063,30.7704,28.0316,27.3048,Environment_5
Gen65,30.2033,28.9699,30.095,26.7894,29.0022,28.7709,29.3987,28.4844,30.3014,29.981,29.0121,28.5625,27.6498,28.788,28.1411,Environment_5
Gen66,28.7164,28.7779,25.5981,28.0731,28.8417,26.6444,27.5991,26.4171,28.0503,28.5926,29.3012,27.8019,27.2832,27.1326,28.4169,Environment_5
Gen67,29.3208,30.0136,30.6308,30.0816,28.7839,28.9411,30.6525,29.2762,29.3677,29.3693,30.0856,30.35,29.8501,29.8442,28.5636,Environment_5
Gen68,29.5065,28.2526,27.5599,27.5989,28.5367,29.5876,28.3431,30.5001,28.5771,28.3703,26.7178,26.6038,28.3539,27.9829,28.1797,Environment_5
Gen69,28.3906,27.5336,28.6605,28.1291,29.7298,28.5213,27.6915,28.222,27.7585,29.1923,28.7485,29.6986,26.9879,29.2831,28.1383,Environment_5
Gen70,29.3584,30.2975,30.1826,29.6886,31.2583,30.4166,28.815,28.9871,29.6986,30.5225,29.9488,29.0619,29.5087,30.437,28.8198,Environment_5
Gen71,26.3659,27.7272,27.4126,28.7086,28.1131,27.2617,27.3968,29.1584,29.1189,29.1391,28.0145,28.2164,27.5334,28.6548,28.05,Environment_5
Gen72,25.7833,26.2126,26.5264,25.4526,26.6563,27.1288,28.89,24.7707,26.3192,25.6874,25.7003,26.0836,25.9055,26.0968,27.5505,Environment_5
Gen73,27.4251,28.891,27.9948,28.2729,26.028,28.0,26.2093,27.3578,27.987,28.5161,28.4779,28.8567,27.9103,29.278,26.7623,Environment_5
Gen74,27.106,29.7785,28.9182,27.9349,28.0001,27.9583,27.8607,28.7222,28.0442,29.2765,28.3408,30.6199,29.0907,27.4438,27.5137,Environment_5
Gen75,29.9123,31.9944,29.6848,29.3528,31.4879,28.7169,30.8515,28.7523,28.9038,29.3615,30.0589,31.2399,29.1292,29.9368,30.2824,Environment_5
Gen76,28.9593,29.0449,28.7099,28.9813,28.1242,29.4989,28.3316,28.2705,29.2326,29.0471,27.7646,29.1516,28.5057,28.908,30.0184,Environment_5
Gen77,28.5771,28.7453,27.0584,27.3978,29.2597,27.9946,28.584,28.6798,28.5234,29.7931,28.1371,29.4564,27.8788,29.2005,26.2731,Environment_5
Gen78,29.5913,28.4144,29.4577,28.842,29.6734,29.4913,28.6096,29.5985,27.3098,29.1201,29.1649,30.2995,28.18,28.9572,29.441,Environment_5
Gen79,28.7048,29.1334,30.4827,28.5629,31.8008,30.2461,30.5525,28.478,29.006,30.6214,29.4135,29.9571,30.3792,31.9048,29.9019,Environment_5
Gen80,28.1838,29.5393,27.9627,28.1721,27.9821,27.983,27.8813,28.1455,28.1161,28.8231,29.5072,28.5379,28.5049,27.6846,28.5366,Environment_5
